<?xml version="1.0"?>
<!--
/**
 * Dhl Versenden
 *
 * NOTICE OF LICENSE
 *
 * This source file is subject to the Open Software License (OSL 3.0)
 * that is bundled with this package in the file LICENSE.txt.
 * It is also available through the world-wide-web at this URL:
 * http://opensource.org/licenses/osl-3.0.php
 *
 * DISCLAIMER
 *
 * Do not edit or add to this file if you wish to upgrade this extension to
 * newer versions in the future.
 *
 * PHP version 5
 *
 * @category  Dhl
 * @package   Dhl_Versenden
 * @author    Christoph Aßmann <christoph.assmann@netresearch.de>
 * @copyright 2016 Netresearch GmbH & Co. KG
 * @license   http://opensource.org/licenses/osl-3.0.php Open Software License (OSL 3.0)
 * @link      http://www.netresearch.de/
 */
-->
<config>
    <sections>
        <carriers>
            <groups>
                <dhlversenden>
                    <label>DHL Versenden</label>
                    <comment>DHL Business Customer Shipping</comment>
                    <frontend_type>text</frontend_type>
                    <sort_order>2500</sort_order>
                    <show_in_default>1</show_in_default>
                    <show_in_website>1</show_in_website>
                    <show_in_store>1</show_in_store>
                    <fields>

                        <dhlversenden_fields_general>
                            <label>General Settings</label>
                            <frontend_model>dhl_versenden/adminhtml_system_config_heading</frontend_model>
                            <sort_order>100</sort_order>
                            <show_in_default>1</show_in_default>
                            <show_in_website>1</show_in_website>
                            <show_in_store>1</show_in_store>
                        </dhlversenden_fields_general>
                        <info>
                            <label>Module</label>
                            <frontend_model>dhl_versenden/adminhtml_system_config_info</frontend_model>
                            <sort_order>110</sort_order>
                            <show_in_default>1</show_in_default>
                            <show_in_website>1</show_in_website>
                            <show_in_store>1</show_in_store>
                        </info>
                        <title>
                            <label>Title</label>
                            <frontend_type>text</frontend_type>
                            <sort_order>120</sort_order>
                            <show_in_default>1</show_in_default>
                            <show_in_website>1</show_in_website>
                            <show_in_store>1</show_in_store>
                        </title>
                        <!--temporary disable setting as it is not evaluated anywhere -->
                        <!--
                        <active>
                            <label>Enabled for Checkout</label>
                            <frontend_type>select</frontend_type>
                            <source_model>adminhtml/system_config_source_yesno</source_model>
                            <sort_order>130</sort_order>
                            <show_in_default>1</show_in_default>
                            <show_in_website>1</show_in_website>
                            <show_in_store>0</show_in_store>
                        </active>
                        -->
                        <sandbox_mode>
                            <label>Sandbox Mode</label>
                            <tooltip>The Sandbox mode allows testing without entering a username, password, or DHL Customer Number.</tooltip>
                            <frontend_type>select</frontend_type>
                            <source_model>adminhtml/system_config_source_yesno</source_model>
                            <sort_order>140</sort_order>
                            <show_in_default>1</show_in_default>
                            <show_in_website>0</show_in_website>
                            <show_in_store>0</show_in_store>
                        </sandbox_mode>
                        <logging_enabled>
                            <label>Enable Logging</label>
                            <comment><![CDATA[Please ensure that the Magento-Log is also activated. Data will be written to <em>dhl_versenden.log</em>.]]></comment>
                            <frontend_type>select</frontend_type>
                            <source_model>adminhtml/system_config_source_yesno</source_model>
                            <sort_order>150</sort_order>
                            <show_in_default>1</show_in_default>
                            <show_in_website>0</show_in_website>
                            <show_in_store>0</show_in_store>
                        </logging_enabled>
                        <log_level>
                            <label>Log Level</label>
                            <comment><![CDATA[Beware: Log level <em>Debug</em> will result in large log files.]]></comment>
                            <frontend_type>select</frontend_type>
                            <source_model>dhl_versenden/adminhtml_system_config_source_loglevel</source_model>
                            <sort_order>160</sort_order>
                            <show_in_default>1</show_in_default>
                            <show_in_website>0</show_in_website>
                            <show_in_store>0</show_in_store>
                            <depends>
                                <logging_enabled>1</logging_enabled>
                            </depends>
                        </log_level>

                        <dhlversenden_fields_account>
                            <label>Account Data</label>
                            <comment>Basic account data as required in production mode</comment>
                            <frontend_model>dhl_versenden/adminhtml_system_config_heading</frontend_model>
                            <sort_order>200</sort_order>
                            <show_in_default>1</show_in_default>
                            <show_in_website>0</show_in_website>
                            <show_in_store>0</show_in_store>
                        </dhlversenden_fields_account>
                        <account_user>
                            <label>User</label>
                            <tooltip>Username for the DHL Webservice (API). This can be created in the DHL Business Customer Portal.</tooltip>
                            <comment><![CDATA[Recommendation: Create a System User in the DHL Business Customer Portal.]]></comment>
                            <frontend_type>text</frontend_type>
                            <validate>required-entry</validate>
                            <sort_order>210</sort_order>
                            <show_in_default>1</show_in_default>
                            <show_in_website>0</show_in_website>
                            <show_in_store>0</show_in_store>
                            <depends>
                                <sandbox_mode>0</sandbox_mode>
                            </depends>
                        </account_user>
                        <account_signature>
                            <label>Signature</label>
                            <tooltip>Password for the DHL Webservice (API). This can be created in the DHL Business Customer Portal.</tooltip>
                            <backend_model>adminhtml/system_config_backend_encrypted</backend_model>
                            <frontend_type>obscure</frontend_type>
                            <validate>required-entry</validate>
                            <sort_order>220</sort_order>
                            <show_in_default>1</show_in_default>
                            <show_in_website>0</show_in_website>
                            <show_in_store>0</show_in_store>
                            <depends>
                                <sandbox_mode>0</sandbox_mode>
                            </depends>
                        </account_signature>
                        <account_ekp>
                            <label>EKP</label>
                            <tooltip>Your DHL Customer Number (Account Number / EKP) from the DHL Business Customer Portal.</tooltip>
                            <comment><![CDATA[See the Knowledge Base tutorial on how to configure the EKP.]]></comment>
                            <frontend_type>text</frontend_type>
                            <validate>required-entry validate-length minimum-length-10 maximum-length-10</validate>
                            <sort_order>230</sort_order>
                            <show_in_default>1</show_in_default>
                            <show_in_website>0</show_in_website>
                            <show_in_store>0</show_in_store>
                            <depends>
                                <sandbox_mode>0</sandbox_mode>
                            </depends>
                        </account_ekp>
                        <account_participation>
                            <label>Participation Numbers</label>
                            <comment><![CDATA[See the Knowledge Base tutorial on how to configure the Participation Numbers.]]></comment>
                            <frontend_model>dhl_versenden/adminhtml_form_field_participation</frontend_model>
                            <backend_model>adminhtml/system_config_backend_serialized_array</backend_model>
                            <sort_order>240</sort_order>
                            <show_in_default>1</show_in_default>
                            <show_in_website>0</show_in_website>
                            <show_in_store>0</show_in_store>
                            <depends>
                                <sandbox_mode>0</sandbox_mode>
                            </depends>
                        </account_participation>

                        <dhlversenden_fields_shipment>
                            <label>Shipment Orders</label>
                            <frontend_model>dhl_versenden/adminhtml_system_config_heading</frontend_model>
                            <sort_order>300</sort_order>
                            <show_in_default>1</show_in_default>
                            <show_in_website>1</show_in_website>
                            <show_in_store>1</show_in_store>
                        </dhlversenden_fields_shipment>
                        <shipment_printonlyifcodeable>
                            <label>Print Only If Codeable</label>
                            <tooltip><![CDATA[If set to <em>Yes</em>, shipping order requests will only return a label if the DHL delivery address verification succeeds.]]></tooltip>
                            <frontend_type>select</frontend_type>
                            <source_model>adminhtml/system_config_source_yesno</source_model>
                            <sort_order>310</sort_order>
                            <show_in_default>1</show_in_default>
                            <show_in_website>1</show_in_website>
                            <show_in_store>1</show_in_store>
                        </shipment_printonlyifcodeable>
                        <shipment_unitofmeasure>
                            <label>Weight Unit</label>
                            <tooltip>Select the weight unit that is used in your Product Catalog.</tooltip>
                            <frontend_type>select</frontend_type>
                            <source_model>dhl_versenden/shipping_carrier_versenden_source_unitofmeasure</source_model>
                            <sort_order>320</sort_order>
                            <show_in_default>1</show_in_default>
                            <show_in_website>1</show_in_website>
                            <show_in_store>0</show_in_store>
                        </shipment_unitofmeasure>
                        <shipment_dhlmethods>
                            <label>Shipping Methods for DHL Versenden</label>
                            <tooltip>Select shipping methods for rate calculation in checkout.</tooltip>
                            <comment>These shipping methods will be processed with DHL Versenden.</comment>
                            <frontend_type>multiselect</frontend_type>
                            <source_model>dhl_versenden/adminhtml_system_config_source_shipping_allmethods</source_model>
                            <sort_order>340</sort_order>
                            <show_in_default>1</show_in_default>
                            <show_in_website>1</show_in_website>
                            <show_in_store>0</show_in_store>
                        </shipment_dhlmethods>
                        <shipment_dhlcodmethods>
                            <label>Cash On Delivery (COD) Payment Methods for DHL Versenden</label>
                            <tooltip>These payment methods will be treated as Cash On Delivery (COD) methods during shipping order requests.</tooltip>
                            <frontend_type>multiselect</frontend_type>
                            <source_model>adminhtml/system_config_source_payment_allmethods</source_model>
                            <sort_order>350</sort_order>
                            <show_in_default>1</show_in_default>
                            <show_in_website>1</show_in_website>
                            <show_in_store>0</show_in_store>
                        </shipment_dhlcodmethods>

                        <dhlversenden_fields_service>
                            <label>Additional Services In Checkout</label>
                            <frontend_model>dhl_versenden/adminhtml_system_config_heading</frontend_model>
                            <sort_order>400</sort_order>
                            <show_in_default>1</show_in_default>
                            <show_in_website>1</show_in_website>
                            <show_in_store>1</show_in_store>
                        </dhlversenden_fields_service>
                        <service_preferredlocation_enabled>
                            <label>Enable Preferred location</label>
                            <tooltip>Allow customers to declare a preferred parcel location during checkout.</tooltip>
                            <frontend_type>select</frontend_type>
                            <source_model>adminhtml/system_config_source_yesno</source_model>
                            <sort_order>430</sort_order>
                            <show_in_default>1</show_in_default>
                            <show_in_website>1</show_in_website>
                            <show_in_store>1</show_in_store>
                        </service_preferredlocation_enabled>
                        <service_preferredneighbour_enabled>
                            <label>Enable Preferred neighbor</label>
                            <tooltip>Allow customers to declare a preferred neighbour during checkout.</tooltip>
                            <frontend_type>select</frontend_type>
                            <source_model>adminhtml/system_config_source_yesno</source_model>
                            <sort_order>440</sort_order>
                            <show_in_default>1</show_in_default>
                            <show_in_website>1</show_in_website>
                            <show_in_store>1</show_in_store>
                        </service_preferredneighbour_enabled>
                        <service_parcelannouncement_enabled>
                            <label>Enable Parcel announcement</label>
                            <tooltip><![CDATA[Let DHL send shipment status updates to the customer. Choosing <em>Optional</em> will let the customer decide during checkout.]]></tooltip>
                            <frontend_type>select</frontend_type>
                            <source_model>dhl_versenden/adminhtml_system_config_source_yesoptno</source_model>
                            <sort_order>450</sort_order>
                            <show_in_default>1</show_in_default>
                            <show_in_website>1</show_in_website>
                            <show_in_store>1</show_in_store>
                        </service_parcelannouncement_enabled>
                        <service_preferredday_enabled>
                            <label>Enable Preferred day</label>
                            <tooltip>Allow customers to select a preferred day of delivery.</tooltip>
                            <frontend_type>select</frontend_type>
                            <source_model>adminhtml/system_config_source_yesno</source_model>
                            <sort_order>460</sort_order>
                            <show_in_default>1</show_in_default>
                            <show_in_website>1</show_in_website>
                            <show_in_store>1</show_in_store>
                        </service_preferredday_enabled>
                        <service_preferredday_handling_fee>
                            <label>Additional charge for your preferred day</label>
                            <tooltip>Insert gross value for surcharge. Insert 0 to offer service for free.</tooltip>
                            <comment>Use . as decimal separator.</comment>
                            <frontend_type>text</frontend_type>
                            <validate>validate-not-negative-number required-entry</validate>
                            <sort_order>461</sort_order>
                            <show_in_default>1</show_in_default>
                            <show_in_website>1</show_in_website>
                            <show_in_store>0</show_in_store>
                            <depends>
                                <service_preferredday_enabled>1</service_preferredday_enabled>
                            </depends>
                        </service_preferredday_handling_fee>
                        <service_preferredday_handling_fee_text>
                            <label>Preferred day handling fee text</label>
                            <tooltip><![CDATA[Use <em>$1</em> as placeholder to insert value and currency in string.]]></tooltip>
                            <frontend_type>textarea</frontend_type>
                            <sort_order>462</sort_order>
                            <show_in_default>1</show_in_default>
                            <show_in_website>1</show_in_website>
                            <show_in_store>1</show_in_store>
                            <depends>
                                <service_preferredday_enabled>1</service_preferredday_enabled>
                            </depends>
                        </service_preferredday_handling_fee_text>
                        <service_cutoff_time>
                            <label>Cut off time</label>
                            <tooltip>Orders placed after the cut-off time will not be shipped the same day.</tooltip>
                            <frontend_type>time</frontend_type>
                            <source_model>adminhtml/system_config_source_date_short</source_model>
                            <sort_order>463</sort_order>
                            <show_in_default>1</show_in_default>
                            <show_in_website>1</show_in_website>
                            <show_in_store>1</show_in_store>
                            <depends>
                                <service_preferredday_enabled>1</service_preferredday_enabled>
                            </depends>
                        </service_cutoff_time>
                        <service_preferredtime_enabled>
                            <label>Enable Preferred time</label>
                            <tooltip>Allow customers to select a preferred time of delivery.</tooltip>
                            <frontend_type>select</frontend_type>
                            <source_model>adminhtml/system_config_source_yesno</source_model>
                            <sort_order>470</sort_order>
                            <show_in_default>1</show_in_default>
                            <show_in_website>1</show_in_website>
                            <show_in_store>1</show_in_store>
                        </service_preferredtime_enabled>
                        <service_preferredtime_handling_fee>
                            <label>Additional charge for your preferred time</label>
                            <tooltip>Insert gross value for surcharge. Insert 0 to offer service for free.</tooltip>
                            <comment>Use . as decimal separator.</comment>
                            <frontend_type>text</frontend_type>
                            <validate>validate-not-negative-number required-entry</validate>
                            <sort_order>471</sort_order>
                            <show_in_default>1</show_in_default>
                            <show_in_website>1</show_in_website>
                            <show_in_store>0</show_in_store>
                            <depends>
                                <service_preferredtime_enabled>1</service_preferredtime_enabled>
                            </depends>
                        </service_preferredtime_handling_fee>
                        <service_preferredtime_handling_fee_text>
                            <label>Preferred time handling fee text</label>
                            <tooltip><![CDATA[Use <em>$1</em> as placeholder to insert value and currency in string.]]></tooltip>
                            <frontend_type>textarea</frontend_type>
                            <sort_order>472</sort_order>
                            <show_in_default>1</show_in_default>
                            <show_in_website>1</show_in_website>
                            <show_in_store>1</show_in_store>
                            <depends>
                                <service_preferredtime_enabled>1</service_preferredtime_enabled>
                            </depends>
                        </service_preferredtime_handling_fee_text>

                        <dhlversenden_fields_shipment_autocreate>
                            <label>Automatic Shipment Creation</label>
                            <frontend_model>dhl_versenden/adminhtml_system_config_heading</frontend_model>
                            <sort_order>500</sort_order>
                            <show_in_default>1</show_in_default>
                            <show_in_website>1</show_in_website>
                            <show_in_store>1</show_in_store>
                        </dhlversenden_fields_shipment_autocreate>
                        <shipment_autocreate_enabled>
                            <label>Enabled</label>
                            <tooltip>Create shipments and retrieve labels via cron job.</tooltip>
                            <frontend_type>select</frontend_type>
                            <source_model>adminhtml/system_config_source_yesno</source_model>
                            <sort_order>510</sort_order>
                            <show_in_default>1</show_in_default>
                            <show_in_website>1</show_in_website>
                            <show_in_store>1</show_in_store>
                        </shipment_autocreate_enabled>
                        <shipment_autocreate_notify_customer>
                            <label>Notify Customer</label>
                            <frontend_type>select</frontend_type>
                            <source_model>adminhtml/system_config_source_yesno</source_model>
                            <sort_order>515</sort_order>
                            <show_in_default>1</show_in_default>
                            <show_in_website>1</show_in_website>
                            <show_in_store>1</show_in_store>
                        </shipment_autocreate_notify_customer>
                        <shipment_autocreate_order_status>
                            <label>Order Status</label>
                            <tooltip>Automatically create shipments for orders in the selected status.</tooltip>
                            <frontend_type>multiselect</frontend_type>
                            <source_model>adminhtml/system_config_source_order_status</source_model>
                            <sort_order>520</sort_order>
                            <show_in_default>1</show_in_default>
                            <show_in_website>0</show_in_website>
                            <show_in_store>0</show_in_store>
                        </shipment_autocreate_order_status>
                        <shipment_autocreate_service_visualcheckofage>
                            <label>Visual Check of Age</label>
                            <tooltip>Book the service Visual Check Of Age with automated shipment orders.</tooltip>
                            <frontend_type>select</frontend_type>
                            <source_model>dhl_versenden/adminhtml_system_config_source_service_visualcheckofage</source_model>
                            <sort_order>530</sort_order>
                            <show_in_default>1</show_in_default>
                            <show_in_website>1</show_in_website>
                            <show_in_store>1</show_in_store>
                        </shipment_autocreate_service_visualcheckofage>
                        <shipment_autocreate_service_returnshipment>
                            <label>Return Shipment</label>
                            <tooltip>Book the service Return Shipment with automated shipment orders.</tooltip>
                            <frontend_type>select</frontend_type>
                            <source_model>adminhtml/system_config_source_yesno</source_model>
                            <sort_order>540</sort_order>
                            <show_in_default>1</show_in_default>
                            <show_in_website>1</show_in_website>
                            <show_in_store>1</show_in_store>
                        </shipment_autocreate_service_returnshipment>
                        <shipment_autocreate_service_insurance>
                            <label>Additional Insurance</label>
                            <tooltip>Book the service Additional Insurance with automated shipment orders.</tooltip>
                            <frontend_type>select</frontend_type>
                            <source_model>adminhtml/system_config_source_yesno</source_model>
                            <sort_order>550</sort_order>
                            <show_in_default>1</show_in_default>
                            <show_in_website>1</show_in_website>
                            <show_in_store>1</show_in_store>
                        </shipment_autocreate_service_insurance>
                        <shipment_autocreate_service_bulkygoods>
                            <label>Bulky Goods</label>
                            <tooltip>Book the service Bulky Goods with automated shipment orders.</tooltip>
                            <frontend_type>select</frontend_type>
                            <source_model>adminhtml/system_config_source_yesno</source_model>
                            <sort_order>560</sort_order>
                            <show_in_default>1</show_in_default>
                            <show_in_website>1</show_in_website>
                            <show_in_store>1</show_in_store>
                        </shipment_autocreate_service_bulkygoods>

                        <dhlversenden_fields_contact>
                            <label>Contact Data</label>
                            <frontend_model>dhl_versenden/adminhtml_system_config_heading</frontend_model>
                            <sort_order>600</sort_order>
                            <show_in_default>1</show_in_default>
                            <show_in_website>1</show_in_website>
                            <show_in_store>0</show_in_store>
                        </dhlversenden_fields_contact>
                        <contact_name1>
                            <label>Name of Sender</label>
                            <frontend_type>text</frontend_type>
                            <validate>required-entry validate-length maximum-length-50</validate>
                            <sort_order>610</sort_order>
                            <show_in_default>1</show_in_default>
                            <show_in_website>1</show_in_website>
                            <show_in_store>0</show_in_store>
                        </contact_name1>
                        <contact_name2>
                            <label>Name of Company</label>
                            <frontend_type>text</frontend_type>
                            <validate>validate-length maximum-length-50</validate>
                            <sort_order>611</sort_order>
                            <show_in_default>1</show_in_default>
                            <show_in_website>1</show_in_website>
                            <show_in_store>0</show_in_store>
                        </contact_name2>
                        <contact_name3>
                            <label>Name of Company (2)</label>
                            <frontend_type>text</frontend_type>
                            <validate>validate-length maximum-length-50</validate>
                            <sort_order>612</sort_order>
                            <show_in_default>1</show_in_default>
                            <show_in_website>1</show_in_website>
                            <show_in_store>0</show_in_store>
                        </contact_name3>
                        <contact_streetname>
                            <label>Street Name</label>
                            <frontend_type>text</frontend_type>
                            <validate>required-entry validate-length maximum-length-35</validate>
                            <sort_order>620</sort_order>
                            <show_in_default>1</show_in_default>
                            <show_in_website>1</show_in_website>
                            <show_in_store>0</show_in_store>
                        </contact_streetname>
                        <contact_streetnumber>
                            <label>House number</label>
                            <frontend_type>text</frontend_type>
                            <validate>required-entry validate-length maximum-length-5</validate>
                            <sort_order>621</sort_order>
                            <show_in_default>1</show_in_default>
                            <show_in_website>1</show_in_website>
                            <show_in_store>0</show_in_store>
                        </contact_streetnumber>
                        <contact_addition>
                            <label>Address Addition</label>
                            <frontend_type>text</frontend_type>
                            <validate>validate-length maximum-length-35</validate>
                            <sort_order>622</sort_order>
                            <show_in_default>1</show_in_default>
                            <show_in_website>1</show_in_website>
                            <show_in_store>0</show_in_store>
                        </contact_addition>
                        <contact_dispatchinfo>
                            <label>Dispatching Information</label>
                            <frontend_type>text</frontend_type>
                            <validate>validate-length maximum-length-35</validate>
                            <sort_order>623</sort_order>
                            <show_in_default>1</show_in_default>
                            <show_in_website>1</show_in_website>
                            <show_in_store>0</show_in_store>
                        </contact_dispatchinfo>
                        <contact_zip>
                            <label>Zip Code</label>
                            <frontend_type>text</frontend_type>
                            <validate>required-entry validate-length maximum-length-10</validate>
                            <sort_order>630</sort_order>
                            <show_in_default>1</show_in_default>
                            <show_in_website>1</show_in_website>
                            <show_in_store>0</show_in_store>
                        </contact_zip>
                        <contact_city>
                            <label>City</label>
                            <frontend_type>text</frontend_type>
                            <validate>required-entry validate-length maximum-length-35</validate>
                            <sort_order>631</sort_order>
                            <show_in_default>1</show_in_default>
                            <show_in_website>1</show_in_website>
                            <show_in_store>0</show_in_store>
                        </contact_city>
                        <contact_countryid>
                            <label>Country</label>
                            <frontend_type>select</frontend_type>
                            <source_model>adminhtml/system_config_source_country</source_model>
                            <validate>required-entry</validate>
                            <sort_order>632</sort_order>
                            <show_in_default>1</show_in_default>
                            <show_in_website>1</show_in_website>
                            <show_in_store>0</show_in_store>
                        </contact_countryid>
                        <contact_phone>
                            <label>Phone Number</label>
                            <validate>validate-length maximum-length-20</validate>
                            <frontend_type>text</frontend_type>
                            <sort_order>640</sort_order>
                            <show_in_default>1</show_in_default>
                            <show_in_website>1</show_in_website>
                            <show_in_store>0</show_in_store>
                        </contact_phone>
                        <contact_email>
                            <label>Email Address</label>
                            <validate>validate-email validate-length maximum-length-50</validate>
                            <frontend_type>text</frontend_type>
                            <sort_order>641</sort_order>
                            <show_in_default>1</show_in_default>
                            <show_in_website>1</show_in_website>
                            <show_in_store>0</show_in_store>
                        </contact_email>
                        <contact_person>
                            <label>First Name and Last Name of Contact Person</label>
                            <frontend_type>text</frontend_type>
                            <validate>validate-length maximum-length-50</validate>
                            <sort_order>642</sort_order>
                            <show_in_default>1</show_in_default>
                            <show_in_website>1</show_in_website>
                            <show_in_store>0</show_in_store>
                        </contact_person>

                        <dhlversenden_fields_bankdata>
                            <label>Bank Data</label>
                            <comment>Bank data as required for cash on delivery payments</comment>
                            <frontend_model>dhl_versenden/adminhtml_system_config_heading</frontend_model>
                            <sort_order>700</sort_order>
                            <show_in_default>1</show_in_default>
                            <show_in_website>1</show_in_website>
                            <show_in_store>0</show_in_store>
                        </dhlversenden_fields_bankdata>
                        <bankdata_owner>
                            <label>Account Owner</label>
                            <frontend_type>text</frontend_type>
                            <validate>required-entry validate-length maximum-length-80</validate>
                            <sort_order>710</sort_order>
                            <show_in_default>1</show_in_default>
                            <show_in_website>1</show_in_website>
                            <show_in_store>0</show_in_store>
                        </bankdata_owner>
                        <bankdata_bankname>
                            <label>Bank Name</label>
                            <frontend_type>text</frontend_type>
                            <validate>required-entry validate-length maximum-length-80</validate>
                            <sort_order>720</sort_order>
                            <show_in_default>1</show_in_default>
                            <show_in_website>1</show_in_website>
                            <show_in_store>0</show_in_store>
                        </bankdata_bankname>
                        <bankdata_iban>
                            <label>IBAN</label>
                            <validate>required-entry validate-alphanum validate-length maximum-length-34</validate>
                            <frontend_type>text</frontend_type>
                            <sort_order>730</sort_order>
                            <show_in_default>1</show_in_default>
                            <show_in_website>1</show_in_website>
                            <show_in_store>0</show_in_store>
                        </bankdata_iban>
                        <bankdata_bic>
                            <label>BIC</label>
                            <frontend_type>text</frontend_type>
                            <validate>validate-alphanum validate-length maximum-length-11</validate>
                            <sort_order>740</sort_order>
                            <show_in_default>1</show_in_default>
                            <show_in_website>1</show_in_website>
                            <show_in_store>0</show_in_store>
                        </bankdata_bic>
                        <bankdata_note1>
                            <label>Reason for Payment</label>
                            <frontend_type>text</frontend_type>
                            <validate>validate-length maximum-length-35</validate>
                            <sort_order>750</sort_order>
                            <show_in_default>1</show_in_default>
                            <show_in_website>1</show_in_website>
                            <show_in_store>0</show_in_store>
                        </bankdata_note1>
                        <bankdata_note2>
                            <label>Reason for Payment (2)</label>
                            <frontend_type>text</frontend_type>
                            <validate>validate-length maximum-length-35</validate>
                            <sort_order>760</sort_order>
                            <show_in_default>1</show_in_default>
                            <show_in_website>1</show_in_website>
                            <show_in_store>0</show_in_store>
                        </bankdata_note2>
                        <bankdata_accountreference>
                            <label>Account Reference to Customer Profile</label>
                            <frontend_type>text</frontend_type>
                            <validate>validate-length maximum-length-35</validate>
                            <sort_order>770</sort_order>
                            <show_in_default>1</show_in_default>
                            <show_in_website>1</show_in_website>
                            <show_in_store>0</show_in_store>
                        </bankdata_accountreference>

                        <dhlversenden_fields_returnshipment>
                            <label>Return Shipment</label>
                            <frontend_model>dhl_versenden/adminhtml_system_config_heading</frontend_model>
                            <sort_order>800</sort_order>
                            <show_in_default>1</show_in_default>
                            <show_in_website>1</show_in_website>
                            <show_in_store>0</show_in_store>
                        </dhlversenden_fields_returnshipment>
                        <returnshipment_use_shipper>
                            <label>Use Shipper as Receiver</label>
                            <frontend_type>select</frontend_type>
                            <source_model>adminhtml/system_config_source_yesno</source_model>
                            <sort_order>810</sort_order>
                            <show_in_default>1</show_in_default>
                            <show_in_website>1</show_in_website>
                            <show_in_store>0</show_in_store>
                        </returnshipment_use_shipper>
                        <returnshipment_name1>
                            <label>Name of Receiver</label>
                            <frontend_type>text</frontend_type>
                            <validate>required-entry validate-length maximum-length-50</validate>
                            <sort_order>820</sort_order>
                            <show_in_default>1</show_in_default>
                            <show_in_website>1</show_in_website>
                            <show_in_store>0</show_in_store>
                            <depends>
                                <returnshipment_use_shipper>0</returnshipment_use_shipper>
                            </depends>
                        </returnshipment_name1>
                        <returnshipment_name2>
                            <label>Name of Company</label>
                            <frontend_type>text</frontend_type>
                            <validate>validate-length maximum-length-50</validate>
                            <sort_order>821</sort_order>
                            <show_in_default>1</show_in_default>
                            <show_in_website>1</show_in_website>
                            <show_in_store>0</show_in_store>
                            <depends>
                                <returnshipment_use_shipper>0</returnshipment_use_shipper>
                            </depends>
                        </returnshipment_name2>
                        <returnshipment_name3>
                            <label>Name of Company (2)</label>
                            <frontend_type>text</frontend_type>
                            <validate>validate-length maximum-length-50</validate>
                            <sort_order>822</sort_order>
                            <show_in_default>1</show_in_default>
                            <show_in_website>1</show_in_website>
                            <show_in_store>0</show_in_store>
                            <depends>
                                <returnshipment_use_shipper>0</returnshipment_use_shipper>
                            </depends>
                        </returnshipment_name3>
                        <returnshipment_streetname>
                            <label>Street Name</label>
                            <frontend_type>text</frontend_type>
                            <validate>required-entry validate-length maximum-length-35</validate>
                            <sort_order>830</sort_order>
                            <show_in_default>1</show_in_default>
                            <show_in_website>1</show_in_website>
                            <show_in_store>0</show_in_store>
                            <depends>
                                <returnshipment_use_shipper>0</returnshipment_use_shipper>
                            </depends>
                        </returnshipment_streetname>
                        <returnshipment_streetnumber>
                            <label>House number</label>
                            <frontend_type>text</frontend_type>
                            <validate>required-entry validate-length maximum-length-5</validate>
                            <sort_order>831</sort_order>
                            <show_in_default>1</show_in_default>
                            <show_in_website>1</show_in_website>
                            <show_in_store>0</show_in_store>
                            <depends>
                                <returnshipment_use_shipper>0</returnshipment_use_shipper>
                            </depends>
                        </returnshipment_streetnumber>
                        <returnshipment_addition>
                            <label>Address Addition</label>
                            <frontend_type>text</frontend_type>
                            <validate>validate-length maximum-length-35</validate>
                            <sort_order>832</sort_order>
                            <show_in_default>1</show_in_default>
                            <show_in_website>1</show_in_website>
                            <show_in_store>0</show_in_store>
                            <depends>
                                <returnshipment_use_shipper>0</returnshipment_use_shipper>
                            </depends>
                        </returnshipment_addition>
                        <returnshipment_dispatchinfo>
                            <label>Dispatching Information</label>
                            <frontend_type>text</frontend_type>
                            <validate>validate-length maximum-length-35</validate>
                            <sort_order>833</sort_order>
                            <show_in_default>1</show_in_default>
                            <show_in_website>1</show_in_website>
                            <show_in_store>0</show_in_store>
                            <depends>
                                <returnshipment_use_shipper>0</returnshipment_use_shipper>
                            </depends>
                        </returnshipment_dispatchinfo>
                        <returnshipment_zip>
                            <label>Zip Code</label>
                            <frontend_type>text</frontend_type>
                            <validate>required-entry validate-length maximum-length-10</validate>
                            <sort_order>840</sort_order>
                            <show_in_default>1</show_in_default>
                            <show_in_website>1</show_in_website>
                            <show_in_store>0</show_in_store>
                            <depends>
                                <returnshipment_use_shipper>0</returnshipment_use_shipper>
                            </depends>
                        </returnshipment_zip>
                        <returnshipment_city>
                            <label>City</label>
                            <frontend_type>text</frontend_type>
                            <validate>required-entry validate-length maximum-length-35</validate>
                            <sort_order>841</sort_order>
                            <show_in_default>1</show_in_default>
                            <show_in_website>1</show_in_website>
                            <show_in_store>0</show_in_store>
                            <depends>
                                <returnshipment_use_shipper>0</returnshipment_use_shipper>
                            </depends>
                        </returnshipment_city>
                        <returnshipment_countryid>
                            <label>Country</label>
                            <frontend_type>select</frontend_type>
                            <source_model>adminhtml/system_config_source_country</source_model>
                            <validate>required-entry</validate>
                            <sort_order>842</sort_order>
                            <show_in_default>1</show_in_default>
                            <show_in_website>1</show_in_website>
                            <show_in_store>0</show_in_store>
                            <depends>
                                <returnshipment_use_shipper>0</returnshipment_use_shipper>
                            </depends>
                        </returnshipment_countryid>
                    </fields>
                </dhlversenden>
            </groups>
        </carriers>
    </sections>
</config>
